chunk,chunk_id
我可以一次申請幾所學校？,880a7fb5-e98f-410a-a8e6-c16e347e9942_0
美國學校申請費大概多少？,8ab2ba0e-d715-4c32-b272-236d2e5dca7d_1
我需要準備幾封推薦信？,d897d29a-770c-4b9a-9b3a-83e950836c6c_2
美國大學錄取的標準是什麼？,100e6dae-eda3-4555-be8d-f4ccb71d2911_3
申請美國大學或碩士可以考多鄰國(Duolingo)嗎？,a1774e14-cbf5-4043-a7cd-469aa7162c7f_4
我只想上短期的英文課，一定要申請簽證嗎?,fe8a2b17-01bd-489d-9886-1e6d9625cc14_5
在美國如果課程時間每週不超過20小時，課程長度不超過90天可以使用觀光簽證。,6a922087-72da-4c2c-9062-a7752f1316b2_6
我要考雅思還是托福？,aa8e87a6-9a2b-4d75-9558-615cccfdb962_7
申請截止日一般在什麼時候?,d77c9c5d-dc72-462d-8aa5-3f769ce7d2bd_8
出國留學大概要準備多少預算?,2b76b3d2-3872-4f0d-8119-20e38d75175f_9
申請美國/英國學校該準備哪些文件?,0bd8c6a1-9038-4f75-9608-3d6e5b3edd95_10
我成績不好申請的到學校嗎?,1c800867-1659-4313-9b50-e57cc2093b07_11
申請美國學校該準備哪些考試?,14697b02-424a-4dd1-8000-eccadafed3f6_12
預算有限，還有可能出國留學嗎？,b3cc3959-4add-4caa-85dd-2fdd0949c5be_13
台灣跟美國的學制差別？學生是否可以銜接的上理想課程？,6952bd54-e0e5-45f3-a1f2-73f1f1d837c8_14
美國那麼大？應該如何選擇學校呢？,d7bdfc43-9284-4e90-8d0a-45b2afaa43f9_15
如果確定有了想出國留學的意願，應該從什麼時候開始準備申請呢？,a386b3af-3cbf-44b0-a815-d0d9ba94d90f_16
高中留學需要的條件？,1891a9f3-9eea-40b9-8639-9775f7473314_17
高中留學需要的條件？,1891a9f3-9eea-40b9-8639-9775f7473314_18
Deadline跟Rolling admission的不同?,148eb22b-b757-4e9c-b9bd-a7c5519230eb_19
你們提供什麼服務？,90c6de69-2920-4307-a8f5-6787416bb8aa_20
可以代辦其他國家嗎？,05eeb608-805c-4832-8dbd-768b7c7fdad2_21
為什麼可以免費代辦,ae9fa18d-6be9-48ae-bc7a-1950159911cf_22
不代收學費對我比較有保障嗎？,01c86f95-8d68-42ea-8014-fb03c4f243b7_23
需提前多久申請澳洲學校 ？,80d66709-5cbb-4490-917d-76ee9ed8cc94_24
學校申請準備清單,f367a977-475a-4e3f-bdbd-747b886965a8_25
申請課程一定要有雅思成績嗎？,060ab3e8-de03-4c55-bd2c-2d40562ad15e_26
"英文門檻相關:雅思以外,可以選擇其他英文檢定嗎？",56898de1-125c-4a54-8fdd-6f0df9eb9599_27
最晚何時要交英文成績？,dc0c4975-cfc5-4dcd-932a-0d6b83362834_28
申請學校的英文成績有規定期限嗎？,59b04dfe-35f7-48ed-bdc6-536973071fb5_29
請問護理一定要考到7.0嗎？,225258cc-47b7-4321-805f-cd746025afff_30
請問有推薦的雅思或PTE補習班嗎？,d4bdbc31-28c9-4062-9bcd-799f384711df_31
在校成績不理想，可以靠雅思分數彌補，增加錄取率？,7ab312f0-d286-4d3c-adc6-08cfc0ba4c84_32
在台灣的美國學校是否一定要考SAT？,42975dc5-7939-480e-8708-207401342a80_33
申請設計或藝術相關課程，該準備哪些文件？,0c7568ff-ea76-443d-bc4e-d7cec77a349f_34
"作品集是什麼？
",a7688704-5ea8-4fa3-a74a-41dab09c26e7_35
到澳洲留學的學費約多少呢？,ace864c1-4abd-47fe-b19e-2a9cc8e88a34_36
生活費一年需要多少？,f73cb81e-29f4-4cee-bf7c-364c64e0e376_37
如何申請學校獎學金？,aab8b96a-7abd-4738-8d6d-3a76fe5f8dcc_38
可以貸款去澳洲念書？,27d6a1ab-caa0-4df2-a17b-3bc59d7f710e_39
語言課程長度應該如何選擇？,aa91b683-8455-4f97-97ba-957c5944bc33_40
語言課程的容易直升嗎？,86e4e31c-f750-4f25-9ff1-57cabf7d5d3f_41
澳洲英文口音會不會很難懂？,fb4f7c71-b73f-4773-9e9e-10aa1ef530de_42
同學會不會很多說中文的人？,2fcad055-48c2-4958-a4c0-9388a542fc72_43
語言課程可以分期付款嗎？,d7605eab-8324-44a4-87aa-3b608ae82eac_44
課程期間，實習有薪水嗎？,0a451e19-348f-4563-a120-09a4bfae8d4d_45
技職專科的開課日通常會在什麼時候？,b2287629-92c8-48ae-91af-1462303760e4_46
完成課程畢業後，可以留在澳洲工作嗎？,9ec951d7-4f67-4541-aeb5-6e56a4166807_47
高中或大學肄業可以直接申請嗎？,d94adfcf-91e4-47ad-ae5d-af8a8c340e6b_48
大學開課日通常會在什麼時候？,e170a49c-b573-4b09-87f9-a57ee678d71f_49
澳洲大學的上課教學模式為何？,3c426617-b1c1-482a-9395-5a757d8a7aa3_50
台灣高中畢業生一定要讀foundation才能進大一嗎？,e60847f7-570c-4528-85a0-fb992f4e242c_51
除了雅思還有其他英文檢定被認可嗎,123e7653-0010-43d1-b7f2-ed9b8c77c09e_52
澳洲碩士學位類型分幾種？,a2ddc74f-7e70-406a-9086-a2f40c5f9b29_53
澳洲碩士學位需要讀多久？,0e10216f-227d-4ca3-9665-1cc8962c63ca_54
澳洲碩士課程一定要是學士本科生才能讀嗎？,f15fb8e7-4f87-475b-a2f3-8b18e5503bf3_55
申請澳洲研究所需要提供推薦信或讀書目的嗎？,7a44a8a2-d013-4fa0-bd7c-6ff6cbbcc40c_56
澳洲博士班需準備的文件？,bd64a16c-5f9a-4c08-a8b1-52d73c0e633d_57
註冊日一定要去嗎？,f813545a-deb9-46f0-8fe2-40bc237bd428_58
該怎麼註冊？,66d2a699-810c-4016-afd0-75287497a076_59
註冊後，可以換系轉科嗎？,0d82a3fd-e621-4aae-b5c8-59d976abdcf7_60
入學開課後，可以申請轉學可以嗎？,bb60157b-eb58-463f-84e3-0a07c6745b10_61
第二學期學費該怎麼繳交？,0458c414-7777-4b63-93c0-854fa449ec70_62
什麼是USI號碼？,d0c28902-41b6-4f27-abab-f654ce90fd76_63
USI號碼的用處是什麼呢？,04ef77ed-d57e-4741-a477-a5fb1565eb38_64
誰需要USI的識別碼呢？,c3ff7143-cfbb-4b45-9cee-73f8ced5ecdb_65
畢業後就業率高嗎？,c0a4fbde-59bd-44ad-934d-e8b97f5447d4_66
回台灣前，畢業/成績文件該怎麼認證？,46c6dd87-f65f-426a-b567-b2c2b40c3f21_67
行李運回台灣，有哪些選擇？,5e8e27b3-e8e8-4789-8c05-45bcd0f09ece_68
已經有台灣護理師執照，如何轉換成澳洲護理師執照RN？,a5e8d5e3-40f7-435e-84df-c8f4b360e0cf_69
學生簽證可以辦陪讀簽證嗎？,8ea76794-145e-4cd3-b44c-c6926c1f5960_70
學生簽證工作小時數規定？,889c6b0a-cae2-4e44-a902-b76214a81534_71
學生簽證可以工作嗎？,886ac117-617e-4e16-a268-130151034a19_72
打工度假簽證二簽申請階段，離境須要過橋簽證B嗎？,9d398a5e-ac6a-43d3-9c61-544826343d03_73
打工度假簽證二簽申請階段，離境須要過橋簽證B嗎？,9d398a5e-ac6a-43d3-9c61-544826343d03_74
申請打工度假簽證需要先找到雇主嗎？,61953f74-073a-42da-99dd-0a39237d25c5_75
澳洲觀光簽證要去哪辦理？,75b24852-440a-402e-9306-42d8bf4feca9_76
觀光簽證可以工作嗎？,a1da8a42-b2a9-4750-990b-3b1ad6873c2d_77
簽證大概需要多久時間核發？,df8d022b-705d-4373-8ccc-024a5578cfa4_78
過橋簽可以工作嗎？,5d05c7ee-e4be-4608-9208-ff6f0ffd0a25_79
請問財力證明要多少錢？,2b1ca370-e157-4449-adbc-1d4fdb9ad889_80
申請簽證可以付現金嗎？,d4834ef4-1bfe-4060-bace-701f07173c55_81
畢業生工作簽證申請條件是什麼？,5e4d5535-2db6-4a25-b546-199a58e46840_82
該如何移民澳洲？,389a4948-244e-470b-9224-487ad60c06e1_83
什麼是雇主擔保 482？,f14c7198-a559-4888-8759-7f17cfe849de_84
什麼是獨立技術移民 189？,62da44ca-c6e4-4360-8656-15fc489de1da_85
什麼是州擔保獨立技術移民 190？,6d11536b-9548-4522-b18c-aff115e0e085_86
什麼是偏遠地區州擔保獨立技術移民 491？,85485fcb-98eb-4986-b6ff-b1af2ce4414e_87
去澳洲需要帶邊壓器或轉接插頭嗎？,543b4215-e33a-4e2a-8f44-4be179a058e6_88
需要準備的出國行李有哪些？,6ab6a724-2332-4477-bac8-68f85391c01c_89
中藥可以寄去或帶去澳洲嗎？,1f31779f-7d5d-4cd9-8cba-00d88c387447_90
可以帶米去澳洲嗎？,3a785440-af40-406d-918e-2314512e612b_91
可以帶泡麵去澳洲嗎？,b58e2a16-294c-4136-a789-2c51cc1cb42f_92
請問電子菸可以帶出國嗎？,8ee4276d-1b3e-4b9e-a71d-fcc8c9bc7d0c_93
匯款去澳洲需要準備哪些資料,a050d07e-ec52-4381-b846-7ed3f2b5d308_94
什麼是SWIFT CODE？,7cb4eebd-8e89-4f71-b87a-c5e522126419_95
國際匯款需酌收多少銀行手續費？,7ef5be9d-f1ec-480b-8455-032d68cb1e5b_96
匯款學費時，是否需要全額到帳？,e09a5d7e-c0e5-43ac-a089-a220d810d65b_97
海外學生保險OSHC涵蓋哪些項目？,4a94672a-820d-408e-abcd-4be8eb8090ba_98
海外學生保險OSHC 是否有包含眼科、牙科？,06641275-0f3c-4ceb-b8c3-0ddca01048fc_99
已有OSHC，為何還要付差額？,11ee37f0-a2ac-44de-add7-a9ba515420ea_100
除了OSHC，是否需要在台灣加保其他保險,fe704103-e714-4f68-bb37-572fcaf39872_101
尚未服兵役者，可以出國打工度假或留學嗎？,dc5510f8-5421-4d4c-bda3-75a1eaf1dcea_102
就學期間，役男可以回台灣嗎？,c608aae9-1d75-4fe9-88f1-add08b686e28_103
其他役男出入境須知,913ec21a-43ad-44b6-bf7b-cc39fe8fc678_104
役男經核准出境就學後，違反出境就學學歷及就學最高年齡規定，業經役政單位催告，役男返國後得否再申請出境？,1325b0e3-dcc0-4a86-a77b-0a690f12378f_105
役齡前出境或19歲以後核准出境國外就學之未服役役男，出國讀書未返國時，役政單位如何處理？役齡男子申請觀光名義短期4個月出境後，逾期未歸者，役政單位如何處理？,af5116cd-a536-4283-9d19-a37c06401f32_106
役男申請出境就學因未諳法令規定，未備妥入學許可無法向移民署申請出境；或原於國外在學者，返國後未檢附經驗證之在學證明，致無法向移民署辦理再出境者，如何處理？,d7cc51bc-6881-4a50-bccf-b095c6b83071_107
國內大專校院畢業男生想要出國留學，可否於未服役前到國外學校就讀研究所碩士班或博士班？,21200698-7d64-4281-ad6c-0ddb5d779c70_108
役齡前出境已經在國外就學之役男，其在國外繼續就學有無年齡上之限制？,cf98c70c-6e17-4505-8043-91a3b4b11d08_109
出境就學役男返臺探親或渡假後，如何申辦「再出境」？要檢附哪些證件？返臺期間可以停留多久？,b36d31a6-2fe0-4244-9a7b-6f442bfa4d1a_110
我國男子出境至國外就學，有沒有年齡之限制？一定是要一出國就讀大學嗎？,c8f55d62-bccb-42b3-9039-e91072f54172_111
什麼年齡叫做「役齡男子（役男）」？19歲徵兵及齡如何計算？「兵役年齡（役齡）」又如何計算呢？,616f327e-e1ee-41fa-ae33-e9201a8ad737_112
Q1. 留學代辦能幫我處理什麼？自己辦不行嗎,54a879b3-58c4-4719-9930-1907feafda4c_113
Q2. 我符合海外留學的申請資格嗎？,5849c4a1-34a8-4193-9357-cf86a6e0c0b5_114
Ｑ3. 申請留學會需要準備哪些文件？,847d95e7-e704-4119-aa43-5e783b800ced_115
Ｑ4. 出國留學費用跟生活費怎麼算？,4174963c-ac49-4303-bb1c-920c9d0e1637_116
Ｑ5. 留學費用好高？有留學獎學金可以申請嗎？,008eb820-aa20-411d-a011-0e9d162bd113_117
Ｑ6. 在校成績不高，但想申請世界百大名校，有可能嗎？,0d76b107-6e0a-441d-9030-8441f71d1222_118
Q7. 世界排名網站好多，有全球排名、科系排名到底該看哪種排名來選學校呢？  ,cebd1d08-b744-4139-9d0f-b7249df42e9d_119
Ｑ8. 留學申請需要多久時間？留學入學時間是什麼時候？,4c79786c-e6b8-457d-afcf-3e8992052603_120
Ｑ8. 留學申請需要多久時間？留學入學時間是什麼時候？,4c79786c-e6b8-457d-afcf-3e8992052603_121
Ｑ9.出國留學期間可以打工嗎？,19b0557c-58ea-4b76-8e2e-948dcd6808bf_122
Ｑ10. 為什麼 IDP 可以免費代辦？其他代辦有些要收好幾萬？,a92938fe-0745-4ebf-bb0a-1eda0aba86b1_123
Ｑ11. 留學國家、科系選擇那麼多，我該怎麼選？,aebab760-6f7f-4f30-8b06-08188865a718_124
Ｑ12. 留學遊學有甚麼差別？哪個適合我？,4f3f4932-5fd1-4060-8a8f-39ac46ec17e9_125
留學代辦是什麼？幫你代辦那些項目呢？,1d73e7ec-f964-44e2-8553-f6973b75e76a_126
留學代辦服務流程,11fffbd6-95f2-492d-9080-5d357dafe07e_127
留學代辦服務流程,11fffbd6-95f2-492d-9080-5d357dafe07e_128
出國留學該找代辦還是自己申請如何決定？三點幫助你思考,a4370d8c-1fba-401a-a04c-fd19af28c1d3_129
1. 澳洲留學值得嗎？有哪些優勢？,ef7082cc-f530-4227-9104-ca0a32469211_130
2. 澳洲有哪些主要城市適合留學？,37763f66-3d3e-4be6-b939-113f6030589f_131
3. 澳洲有哪些比較有名的大學？ ,4fed7905-936e-4693-bf52-1a9e76d73979_132
1. 申請澳洲學校的流程是什麼？,8b3f9e0e-d8a7-449d-965a-a3d0ede3c59c_133
2. 澳洲留學有基本入學門檻嗎？,e3f7e6b2-d9f3-44fe-837c-450a441e5da8_134
3. 澳洲留學英文需要哪些語言證明？,429f6742-f797-43d6-a338-029c33dca77a_135
4. 澳洲學校的開學時間？一年幾次入學？,fa7192ac-54f6-46f4-b054-cd17166daf66_136
5. 如果GPA 不夠高還可以申請澳洲學校嗎？,f1c110ca-3fa3-4369-9b95-98794b2832c1_137
6. 台灣高中生可以申請澳洲大學嗎？,10f7bde3-e01d-40bc-8570-32589b4c1363_138
7. 英文分數不夠高、未達標準還可以申請嗎,9f4eba1f-f9aa-4d87-a381-cc32382fb254_139
8. 什麼是條件式入學許可 Conditional offer？,0e4d48d1-0eb5-41ac-ad74-b6e586a79114_140
1. 澳洲學費大概多少？碩士學費多少錢？,d6ae4761-d2da-42e2-af6b-622f6a6c6bda_141
2. 澳洲生活費高嗎？一個月抓多少？,8474ef8c-027a-49f6-a252-d3c024fe6659_142
3. 澳洲留學可以申請獎學金嗎？,219ef439-9fc2-474d-a00d-555baf3da249_143
1. 澳洲留學生可以打工嗎？,11b674e0-d626-43bb-bab8-5f14f9d7258f_144
2. 哪些科系有機會畢業後留在澳洲工作？,50bc3644-16fb-4b4f-9fae-4c6befd3e63c_145
3. 澳洲畢業後可以申請工作簽證嗎？,b459a025-c6d9-4e14-be0b-05bd2e6f2ef6_146
4. 在澳洲留學畢業後，有移民可能？,8b7a4923-d69d-4a90-8e7f-ad313e6ea3d1_147
1. 什麼時候開始準備澳洲留學最合適？,a4122061-8260-40ce-9931-02061549a458_148
2. 怎麼找到適合自己的澳洲學校與科系？,f17d3dcd-33b6-4c6b-8767-c353c3bf6b73_149
3. 澳洲學生簽證辦理流程與時間？,8d5eec2f-b5f3-4ad6-9f31-d0c6f67df381_150
4. 澳洲留學需要找代辦嗎？,ba4df7c1-4cf7-42ba-a017-a2d557944ad6_151
1. 申請英國碩士會需要準備哪些申請文件？,d8a1f858-a030-4e81-a7bf-9db4e6e1fd29_152
2. 遞件申請英國學校後，大概多久可以得到錄取結果？,438da53f-939a-4127-af63-3685edceac9b_153
3.什麼是 Pre-Master （英國碩士預科課程）？ ,c8de8769-6015-4041-be78-fbba08476491_154
4. 在校成績 GPA 不高，還有機會申請英國學校嗎？ ,734ca78d-dada-4770-b972-ef6724d9d1ca_155
５. 大學畢業很久、也工作很久了，還能申請英國碩博士嗎？,ace81725-f0d9-4d95-babd-eb8a4e2040a5_156
６. 台灣高中生怎麼申請英國大學？高中生銜接英國大學方式有？,432113ef-c803-4c3d-b55e-e5c12e6408d2_157
7. 英國留學好像很貴？去英國讀書應該準備多少預算？ ,98b1f04b-79d3-4e67-9d0c-69bb84834d62_158
8. 英國畢業生工作簽證 PSW 好申請嗎？英國找工作容易嗎？,fadd9398-c34e-4ecd-a557-3fc4dffbc030_159
9. 去英國唸書一定要待在大城市嗎？擔心大城市的生活費太高，那麼小城市的生活和交通方便嗎？  ,b9fb98b7-c3e5-4e9b-a991-60b53cce8930_160
10. 在英國需要額外買醫療險嗎？  看病會不會很貴？,16d92e54-47d2-44da-b925-6fec3178cf36_161
11. 可以跨領域申請的英國碩士科系，還是只能申請和我大學主修相關的課程？,4c73d576-2f31-47da-a91b-168c3bfcd16b_162
12. 聽說英國研究所一年就能畢業，課程內容是不是很「水」啊？,df58d7a6-25e7-4a78-8e9b-7eb44887f35c_163
1. 美國公立和私立大學的差別是？,80241e1e-14a5-4515-9d90-451dcdbaedab_164
2. 如果我的成績不夠好，還有機會申請美國學校嗎？  ,665c9866-ddfb-4b78-a374-025644e579b8_165
3. 高中在校成績不好，有機會進入美國頂大就讀嗎？,737a3ffa-2da7-43ef-92f5-3b536ed96c37_166
4. 美國社區大學是什麼？畢業後可以拿到什麼學位？  ,8bc36654-3c2c-4bfb-9019-1286fbac675c_167
5. 美國大學的錄取標準是什麼？  ,2019ef16-c725-4255-8557-0adbe7315465_168
6. 申請美國學校應該考 GRE 還是 GMAT？  ,ca3b8944-27b3-4542-ae15-2071c96fed38_169
7. 美國碩士要讀幾年？,0798bd5a-bab1-4d58-ad8f-9d929b540c0f_170
8. 美國 GPA 怎麼計算？  ,3db62364-8ec6-4d31-967f-b43f6b15fd58_171
9. 美國這麼大，該如何選擇學校呢？  ,e1ed59ec-f62e-4982-9993-8f8d80218880_172
10. 美國學士、碩士、博士學位有哪些？  ,cfbd7fd3-e414-4de9-86ec-4a2dfaea88d1_173
10. 美國學士、碩士、博士學位有哪些？  ,cfbd7fd3-e414-4de9-86ec-4a2dfaea88d1_174
9. 在美國留學，要如何合法打工或工作呢？,963e2289-593a-4801-b76d-cff659546ca2_175
10. 美國 OPT 實習期限是多久？,f065954f-aea1-42c8-b95c-53cba7dd68e1_176
1. 加拿大留學費用真的比較便宜嗎？ ,a63ef3eb-1adb-4360-8ff0-bf6336fe2f25_177
2. 加拿大提供哪些學位？ ,77f9b2fe-42b2-4e31-a19f-5ad45b8c76a8_178
3. 加拿大碩士的錄取標準是什麼？ ,cd8f4816-e086-4654-bf95-19498d7c4139_179
4. 如何挑選加拿大的學校？ ,8b2667df-78d2-4ac3-b1e2-3da26a816f3e_180
5. 雅思沒考好、英文程度不夠還可以申請加拿大學校嗎？ ,c38e11ed-bd6b-4eff-a9ca-183a50699742_181
6. 為什麼要讀銜接課程（Pathway），會有什麼幫助嗎？ ,e9a323b0-8eba-40f7-bff5-34bef95c44e7_182
7. 在加拿大讀書期間可以打工嗎？ ,862697c9-6ee7-404a-bc07-3782dfa4d7a6_183
8. 加拿大打工遊學 COOP 是什麼？ ,8afbc03d-a07f-45de-8fc1-03df21d6ea51_184
9. 留學加拿大有機會移民嗎？ ,d130abce-f32e-42c7-bb1f-9c451e233d32_185
10. 一定需要辦加拿大學生簽證嗎？ ,dad64865-36a6-4025-b5e0-326239182124_186
為什麼要到海外留學？,a55ee21f-7b3b-4e4a-bdbf-b2770d0cd5c6_187
How do I check if I can get in before I apply?,d823071a-3d77-40cc-8b52-6ff0e974e0f5_188
如何提高錄取機會？,fc7a080a-38b7-42ab-891a-71d77d33f447_189
收到錄取信後,990da66f-2f2c-4f2b-8e80-750ee6b324f8_190
Am I guaranteed a student visa if I have an offer of acceptance?,95e73e17-b3f1-40b3-843a-a1bfa4c7736c_191
Am I eligible to apply again if I reject an offer?,bf28c6a3-d5bd-4946-87e0-ed89b1c670b6_192
Is it necessary to get health cover before I apply for student visa?,64ba61b3-dc1b-4921-878c-86c55e79a2fa_193
How do I connect with students at different universities to hear about their experiences?,58cbc601-e39d-4ff2-9fbb-f9df6673beb4_194
What if I don’t get accepted? ,02f2f28a-e258-450e-ab9a-3633bbf60634_195
留學行前準備,cac80f7b-f660-4090-a8fb-8c864edb1d05_196
如何認識新朋友？有那些社交活動可以參加？,a4e5f354-82d6-46a8-940e-2c4ca4f6f4b4_197
如果想家怎麼辦？,c5d2fdea-7379-49f0-bcb8-e25a21d2d243_198
怎麼找到打工機會？,2e93fa74-b123-4648-9dc3-7d751f67f9d0_199
如果需要幫助，我可以找誰諮詢？,506aae23-95de-4ab9-bf45-36a60866b7bc_200
美國學生簽證種類及資格,a23324bd-89b9-42af-bedd-3cc36857ba4f_201
美國學生簽證要在甚麼時候申請？,04e0c562-6d2c-4518-9ae2-ca5bf84ece29_202
美國學生簽證怎麼申請方法？,6338ab8e-f1e9-4055-9e65-aaa0fae00518_203
美國學生簽證怎麼申請方法？,6338ab8e-f1e9-4055-9e65-aaa0fae00518_204
美國學生簽證怎麼申請方法？,6338ab8e-f1e9-4055-9e65-aaa0fae00518_205
想去澳洲留學、遊學讀語言學校應該申請哪種簽證,d0af72e2-00aa-4f6c-85f1-c61272c43923_206
1. 澳洲學生簽證申請,d19bc928-0d5e-447e-a04f-353bcb2a2aee_207
2. 澳洲學生簽證申請費用,38323045-e110-4fd6-bea1-c09c16326602_208
3. 澳洲學生簽證申請文件,487b46f1-3a9b-4328-b2fc-49280aa42faa_209
4. 澳洲學生簽證審核時間,489b7e6d-e854-4622-b715-b854302034c3_210
5. 澳洲學生簽證效期,41a3d4d4-3b46-4837-aa08-9e7f58fb6ce1_211
其他澳洲學生簽證規定,3814b9ac-187a-4374-b3b1-374d49951a6f_212
澳洲電子旅遊簽證 ETA（Subclass 601）,b9ad0b53-b602-4274-9326-e23f0e9f9f80_213
1. 澳洲電子旅遊簽證 ETA 申請,1d9cf861-f8d1-4713-8748-a3b202f1c4fe_214
2. 澳洲電子旅遊簽證 ETA 費用,1dc6ce63-6207-4d7f-b0fb-9125ab01b831_215
3. 澳洲電子旅遊簽證 ETA 效期,55f83512-d282-4265-b92e-e95d29936cc0_216
其他澳洲電子旅遊簽證 ETA 規定,b9784c58-84da-4bae-bb5d-9e51bb304faa_217
澳洲畢業後工作簽證 （Subclass 485）,3d5f18d6-fadc-44a2-ba5d-3487f13e1a6c_218
澳洲畢業工作簽證 - 高等教育類別,8cc97380-83cc-4523-b63d-d69506b4efb0_219
 澳洲畢業工作簽證 - 技職教育類別,12923885-769d-48c1-b28e-21f63c454a31_220
1. 澳洲畢業工作簽證申請資格,560f1a94-c7c4-4980-b9f5-2c90b49fc641_221
2. 澳洲畢業工作簽證 （Subclass 485）申請費用,f4c93d90-c772-475b-8106-400103aedaf5_222
"澳洲打工度假簽證 （Working Holiday Visa, subclass 417）",ce7326c3-8a5b-4d24-8abe-a599efd954d3_223
澳洲打工度假簽證申請資格與條件,da1e8187-c133-475e-a201-c8307edb33a1_224
1. 澳洲打工度假簽證申請費用,adc2cfb3-43fb-4a88-9b41-c04edf7099c3_225
2. 澳洲打工度假簽證效期,3ab37f30-a398-433b-80fb-ba17fe77bcc3_226
其他澳洲打工渡假簽證規定,c56b6dc0-d7a2-4e32-b283-d86de16c3476_227
